{
    "mrr": 0.18138641226923086,
    "hits1": 0.11621714062347308,
    "hits3": 0.1921479527020424,
    "hits10": 0.31686699892504644,
    "fmrr": 0.26998085274804745,
    "fhits1": 0.19569041336851364,
    "fhits3": 0.294415127528584,
    "fhits10": 0.42201700381119905
}
