{
    "mrr": 0.26325455230162154,
    "hits1": 0.1604977664326739,
    "hits3": 0.33487555839183153,
    "hits10": 0.44878749202297386,
    "fmrr": 0.4050294090513664,
    "fhits1": 0.37013401403956603,
    "fhits3": 0.4253350350989151,
    "fhits10": 0.46314613911933633
}
